timepoint_id,z(um),z-surf(um),r(um)
5,0.0,-64.28999999999999,0.0
5,4.286,-60.00399999999999,0.0
5,8.572,-55.71799999999999,0.0
5,12.857999999999999,-51.431999999999995,0.0
5,17.144,-47.145999999999994,0.0
5,21.43,-42.85999999999999,0.0
5,25.715999999999998,-38.574,0.0
5,30.001999999999995,-34.288,0.0
5,34.288,-30.001999999999995,0.0
5,38.574,-25.715999999999994,0.0
5,42.86,-21.429999999999993,0.0
5,47.145999999999994,-17.144,5.644665623400558
5,51.431999999999995,-12.857999999999997,589.2825450070619
5,55.717999999999996,-8.571999999999996,681.7880567865648
5,60.00399999999999,-4.286000000000001,692.8998547063063
5,64.28999999999999,0.0,694.6812222467177
5,68.576,4.286000000000001,693.5435451408197
5,72.862,8.572000000000003,691.1173468693324
5,77.148,12.858000000000004,685.1043567679335
5,81.434,17.144000000000005,680.7645867079029
5,85.72,21.430000000000007,673.3782904098197
5,90.00599999999999,25.715999999999994,665.943796016669
5,94.29199999999999,30.001999999999995,658.456662770218
5,98.57799999999999,34.288,650.4871333783275
5,102.86399999999999,38.574,638.2742818612394
5,107.14999999999999,42.86,633.0709682089416
5,111.43599999999999,47.146,618.9936346333377
5,115.722,51.432,597.444361695323
5,120.00799999999998,55.71799999999999,579.1726647452633
5,124.29399999999998,60.00399999999999,546.271992814224
5,128.57999999999998,64.28999999999999,515.7872582626027
5,132.86599999999999,68.576,487.2321195439663
5,137.152,72.862,470.2219204754392
5,141.438,77.148,432.1504908351868
5,145.724,81.434,423.01450803132866
5,150.01,85.72,394.18162886577784
5,154.296,90.006,367.02743348394
5,158.582,94.292,347.19339782200655
5,162.868,98.578,313.4156748051309
5,167.154,102.864,295.4954038847772
5,171.44,107.15,275.8995456800692
5,175.72599999999997,111.43599999999998,248.90097946084208
5,180.01199999999997,115.72199999999998,234.71527590168847
5,184.29799999999997,120.00799999999998,215.95774303204385
5,188.58399999999997,124.29399999999998,193.64455524872835
5,192.86999999999998,128.57999999999998,158.53130502647656
5,197.15599999999998,132.86599999999999,122.43850956704756
5,201.44199999999998,137.152,33.76920407491577
5,205.72799999999998,141.438,9.612519180735092
5,210.01399999999998,145.724,0.0
5,214.29999999999998,150.01,0.0
5,218.58599999999998,154.296,0.0
5,222.87199999999999,158.582,0.0
5,227.158,162.868,0.0
5,231.444,167.154,0.0
5,235.73,171.44,0.0
5,240.01599999999996,175.72599999999997,0.0
5,244.30199999999996,180.01199999999997,0.0
5,248.58799999999997,184.29799999999997,0.0
5,252.87399999999997,188.58399999999997,0.0
5,257.15999999999997,192.86999999999998,0.0
5,261.44599999999997,197.15599999999998,0.0
5,265.73199999999997,201.44199999999998,0.0
5,270.018,205.72799999999998,0.0
5,274.304,210.01399999999998,0.0
5,278.59,214.29999999999998,0.0
10,0.0,-68.576,0.0
10,4.286,-64.28999999999999,0.0
10,8.572,-60.00399999999999,0.0
10,12.857999999999999,-55.717999999999996,0.0
10,17.144,-51.431999999999995,0.0
10,21.43,-47.145999999999994,0.0
10,25.715999999999998,-42.86,0.0
10,30.001999999999995,-38.574,0.0
10,34.288,-34.288,0.0
10,38.574,-30.001999999999995,10.908000000000001
10,42.86,-25.715999999999994,629.8786271655833
10,47.145999999999994,-21.43,877.5499370406222
10,51.431999999999995,-17.144,995.3944307258305
10,55.717999999999996,-12.857999999999997,1033.7564283563127
10,60.00399999999999,-8.572000000000003,1065.7107587869925
10,64.28999999999999,-4.286000000000001,1077.8358516459107
10,68.576,0.0,1078.6678554702366
10,72.862,4.286000000000001,1077.105299073603
10,77.148,8.572000000000003,1076.2503209513357
10,81.434,12.858000000000004,1067.5998525005853
10,85.72,17.144000000000005,1061.9014182478047
10,90.00599999999999,21.429999999999993,1053.6557715642125
10,94.29199999999999,25.715999999999994,1046.4903923463187
10,98.57799999999999,30.001999999999995,1040.6201665634098
10,102.86399999999999,34.288,1028.2660586845996
10,107.14999999999999,38.574,1017.240015097702
10,111.43599999999999,42.86,1004.4703230812244
10,115.722,47.146,987.346628357864
10,120.00799999999998,51.43199999999999,971.5387256325781
10,124.29399999999998,55.71799999999999,931.3333992798915
10,128.57999999999998,60.00399999999999,903.0166299314649
10,132.86599999999999,64.28999999999999,815.888296910828
10,137.152,68.576,767.7390547270729
10,141.438,72.862,691.552241206876
10,145.724,77.148,597.6825563464417
10,150.01,81.434,554.3920354109204
10,154.296,85.72,510.0907583714883
10,158.582,90.006,453.68858648513816
10,162.868,94.292,426.42869851245945
10,167.154,98.578,400.38951261374774
10,171.44,102.864,351.7108288767834
10,175.72599999999997,107.14999999999998,329.30085707603223
10,180.01199999999997,111.43599999999998,295.6381147778758
10,184.29799999999997,115.72199999999998,262.8000591780755
10,188.58399999999997,120.00799999999998,249.83157765704226
10,192.86999999999998,124.29399999999998,223.83743705149803
10,197.15599999999998,128.57999999999998,212.2701799304325
10,201.44199999999998,132.86599999999999,178.94546838833114
10,205.72799999999998,137.152,157.28086770607345
10,210.01399999999998,141.438,125.58878920479495
10,214.29999999999998,145.724,60.18650931894954
10,218.58599999999998,150.01,0.0
10,222.87199999999999,154.296,0.0
10,227.158,158.582,0.0
10,231.444,162.868,0.0
10,235.73,167.154,0.0
10,240.01599999999996,171.43999999999997,0.0
10,244.30199999999996,175.72599999999997,0.0
10,248.58799999999997,180.01199999999997,0.0
10,252.87399999999997,184.29799999999997,0.0
10,257.15999999999997,188.58399999999997,0.0
10,261.44599999999997,192.86999999999998,0.0
10,265.73199999999997,197.15599999999998,0.0
10,270.018,201.44199999999998,0.0
10,274.304,205.72799999999998,0.0
10,278.59,210.01399999999998,0.0
10,282.876,214.29999999999998,0.0
10,287.162,218.58599999999998,0.0
10,291.448,222.87199999999999,0.0
10,295.734,227.158,0.0
10,300.02,231.444,0.0
10,304.306,235.73,0.0
10,308.592,240.016,0.0
10,312.878,244.302,0.0
10,317.164,248.588,0.0
10,321.45,252.874,0.0
10,325.736,257.15999999999997,0.0
10,330.022,261.446,0.0
15,0.0,-38.574,0.0
15,4.286,-34.288,0.0
15,8.572,-30.002,0.0
15,12.857999999999999,-25.716,106.44230865590993
15,17.144,-21.43,703.7327476819593
15,21.43,-17.144,1036.4194614151165
15,25.715999999999998,-12.858,1073.9749408249709
15,30.001999999999995,-8.572000000000003,1133.685065576929
15,34.288,-4.286000000000001,1198.5019359183366
15,38.574,0.0,1203.3457220931978
15,42.86,4.286000000000001,1199.2077025636552
15,47.145999999999994,8.571999999999996,1197.3571203294327
15,51.431999999999995,12.857999999999997,1189.5640306017974
15,55.717999999999996,17.144,1182.5023116629864
15,60.00399999999999,21.429999999999993,1171.3558127408076
15,64.28999999999999,25.715999999999994,1158.2909987857968
15,68.576,30.001999999999995,1144.684264761631
15,72.862,34.288,1131.8802530815683
15,77.148,38.574,1113.8486394040226
15,81.434,42.86,1102.366292409687
15,85.72,47.146,1085.778649736923
15,90.00599999999999,51.43199999999999,1061.7548397740638
15,94.29199999999999,55.71799999999999,1044.1974340795593
15,98.57799999999999,60.00399999999999,1027.5731314197303
15,102.86399999999999,64.28999999999999,1007.4450372607369
15,107.14999999999999,68.576,984.6911074813146
15,111.43599999999999,72.862,934.7763634868072
15,115.722,77.148,913.6415022484748
15,120.00799999999998,81.43399999999998,864.4159511041665
15,124.29399999999998,85.71999999999998,820.8759921711619
15,128.57999999999998,90.00599999999999,719.0662378650796
15,132.86599999999999,94.29199999999999,633.6903785410266
15,137.152,98.57799999999999,582.5818507687123
15,141.438,102.86399999999999,503.01047951491864
15,145.724,107.14999999999999,465.72855676383665
15,150.01,111.43599999999999,440.3314596255871
15,154.296,115.722,392.00279322364355
15,158.582,120.008,373.71680115603266
15,162.868,124.294,353.8894723045601
15,167.154,128.57999999999998,318.9637124990472
15,171.44,132.86599999999999,291.44757127140383
15,175.72599999999997,137.152,277.5056561585727
15,180.01199999999997,141.438,255.29795392834623
15,184.29799999999997,145.724,238.15148142124735
15,188.58399999999997,150.01,225.83661687390955
15,192.86999999999998,154.296,211.79504934724042
15,197.15599999999998,158.582,187.70354775549663
15,201.44199999999998,162.868,150.73739710921558
15,205.72799999999998,167.154,112.8917983912029
15,210.01399999999998,171.44,45.992166289488914
15,214.29999999999998,175.726,0.0
15,218.58599999999998,180.012,0.0
15,222.87199999999999,184.298,0.0
15,227.158,188.584,0.0
15,231.444,192.87,0.0
15,235.73,197.156,0.0
15,240.01599999999996,201.44199999999995,0.0
15,244.30199999999996,205.72799999999995,0.0
15,248.58799999999997,210.01399999999995,0.0
15,252.87399999999997,214.29999999999995,0.0
15,257.15999999999997,218.58599999999996,0.0
15,261.44599999999997,222.87199999999996,0.0
15,265.73199999999997,227.15799999999996,0.0
15,270.018,231.44399999999996,0.0
15,274.304,235.72999999999996,0.0
15,278.59,240.01599999999996,0.0
15,282.876,244.30199999999996,0.0
15,287.162,248.58799999999997,0.0
15,291.448,252.87399999999997,0.0
15,295.734,257.15999999999997,0.0
15,300.02,261.44599999999997,0.0
15,304.306,265.73199999999997,0.0
15,308.592,270.018,0.0
15,312.878,274.304,0.0
15,317.164,278.59,0.0
15,321.45,282.876,0.0
15,325.736,287.162,0.0
15,330.022,291.448,0.0
15,334.308,295.734,0.0
15,338.594,300.02,0.0
15,342.88,304.306,0.0
15,347.16599999999994,308.5919999999999,0.0
15,351.45199999999994,312.87799999999993,0.0
15,355.73799999999994,317.16399999999993,0.0
15,360.02399999999994,321.44999999999993,0.0
4,0.0,-68.576,0.0
4,4.286,-64.28999999999999,0.0
4,8.572,-60.00399999999999,0.0
4,12.857999999999999,-55.717999999999996,0.0
4,17.144,-51.431999999999995,0.0
4,21.43,-47.145999999999994,0.0
4,25.715999999999998,-42.86,0.0
4,30.001999999999995,-38.574,0.0
4,34.288,-34.288,0.0
4,38.574,-30.001999999999995,0.0
4,42.86,-25.715999999999994,0.0
4,47.145999999999994,-21.43,0.0
4,51.431999999999995,-17.144,371.5813902767468
4,55.717999999999996,-12.857999999999997,645.6539561047337
4,60.00399999999999,-8.572000000000003,672.9626157213211
4,64.28999999999999,-4.286000000000001,681.4468217929978
4,68.576,0.0,684.5744690111698
4,72.862,4.286000000000001,683.5249994888568
4,77.148,8.572000000000003,680.2293196796859
4,81.434,12.858000000000004,673.5295622461058
4,85.72,17.144000000000005,667.2242133910274
4,90.00599999999999,21.429999999999993,661.6808975563487
4,94.29199999999999,25.715999999999994,652.3137679481179
4,98.57799999999999,30.001999999999995,643.9200671571903
4,102.86399999999999,34.288,640.1092670067817
4,107.14999999999999,38.574,631.9961828745488
4,111.43599999999999,42.86,616.5454107117241
4,115.722,47.146,605.654917264174
4,120.00799999999998,51.43199999999999,596.5695863117513
4,124.29399999999998,55.71799999999999,582.8558666590588
4,128.57999999999998,60.00399999999999,568.5387459690235
4,132.86599999999999,64.28999999999999,540.3346233166976
4,137.152,68.576,522.9616454868969
4,141.438,72.862,503.8878604637572
4,145.724,77.148,465.8778119851743
4,150.01,81.434,446.15669677283773
4,154.296,85.72,424.9904561164912
4,158.582,90.006,379.32387721609047
4,162.868,94.292,361.60681289652626
4,167.154,98.578,347.9749498380974
4,171.44,102.864,322.8388045805839
4,175.72599999999997,107.14999999999998,295.8061132997876
4,180.01199999999997,111.43599999999998,281.71317404481454
4,184.29799999999997,115.72199999999998,251.84259132823502
4,188.58399999999997,120.00799999999998,236.65534926785625
4,192.86999999999998,124.29399999999998,204.17037821167366
4,197.15599999999998,128.57999999999998,189.85723531811138
4,201.44199999999998,132.86599999999999,154.64520700144814
4,205.72799999999998,137.152,118.0547973104016
4,210.01399999999998,141.438,67.85838618770711
4,214.29999999999998,145.724,0.0
4,218.58599999999998,150.01,0.0
4,222.87199999999999,154.296,0.0
4,227.158,158.582,0.0
4,231.444,162.868,0.0
4,235.73,167.154,0.0
4,240.01599999999996,171.43999999999997,0.0
4,244.30199999999996,175.72599999999997,0.0
9,0.0,-68.576,0.0
9,4.286,-64.28999999999999,0.0
9,8.572,-60.00399999999999,0.0
9,12.857999999999999,-55.717999999999996,0.0
9,17.144,-51.431999999999995,0.0
9,21.43,-47.145999999999994,0.0
9,25.715999999999998,-42.86,0.0
9,30.001999999999995,-38.574,0.0
9,34.288,-34.288,0.0
9,38.574,-30.001999999999995,0.0
9,42.86,-25.715999999999994,0.0
9,47.145999999999994,-21.43,0.0
9,51.431999999999995,-17.144,5.142080512788574
9,55.717999999999996,-12.857999999999997,1108.50304497552
9,60.00399999999999,-8.572000000000003,1176.3682016272965
9,64.28999999999999,-4.286000000000001,1179.2376414630223
9,68.576,0.0,1185.153792842307
9,72.862,4.286000000000001,1180.4246208900204
9,77.148,8.572000000000003,1175.7789742632767
9,81.434,12.858000000000004,1166.6916294104487
9,85.72,17.144000000000005,1161.913402395606
9,90.00599999999999,21.429999999999993,1154.942612478853
9,94.29199999999999,25.715999999999994,1148.6408736239866
9,98.57799999999999,30.001999999999995,1144.9855673822535
9,102.86399999999999,34.288,1127.982807299168
9,107.14999999999999,38.574,1119.4448819201232
9,111.43599999999999,42.86,1105.9566299846595
9,115.722,47.146,1076.3239918031184
9,120.00799999999998,51.43199999999999,1066.6903270535822
9,124.29399999999998,55.71799999999999,1000.4289510730878
9,128.57999999999998,60.00399999999999,981.9061567746722
9,132.86599999999999,64.28999999999999,908.4563395441838
9,137.152,68.576,842.5090305340461
9,141.438,72.862,785.7179255598113
9,145.724,77.148,724.3708527952382
9,150.01,81.434,673.7492825025199
9,154.296,85.72,619.6580394249719
9,158.582,90.006,574.7755862456233
9,162.868,94.292,524.6328304033757
9,167.154,98.578,454.93804679711326
9,171.44,102.864,427.59908431556323
9,175.72599999999997,107.14999999999998,385.1877973590955
9,180.01199999999997,111.43599999999998,360.4547765311585
9,184.29799999999997,115.72199999999998,322.8096080132057
9,188.58399999999997,120.00799999999998,296.7445235134055
9,192.86999999999998,124.29399999999998,280.51159247016716
9,197.15599999999998,128.57999999999998,236.80389414354707
9,201.44199999999998,132.86599999999999,220.0491320613795
9,205.72799999999998,137.152,196.89168338673076
9,210.01399999999998,141.438,174.5658708911911
9,214.29999999999998,145.724,126.21686765246554
9,218.58599999999998,150.01,30.852483076731446
9,222.87199999999999,154.296,0.0
9,227.158,158.582,0.0
9,231.444,162.868,0.0
9,235.73,167.154,0.0
9,240.01599999999996,171.43999999999997,0.0
9,244.30199999999996,175.72599999999997,0.0
9,248.58799999999997,180.01199999999997,0.0
9,252.87399999999997,184.29799999999997,0.0
9,257.15999999999997,188.58399999999997,0.0
9,261.44599999999997,192.86999999999998,0.0
9,265.73199999999997,197.15599999999998,0.0
9,270.018,201.44199999999998,0.0
9,274.304,205.72799999999998,0.0
9,278.59,210.01399999999998,0.0
9,282.876,214.29999999999998,0.0
9,287.162,218.58599999999998,0.0
9,291.448,222.87199999999999,0.0
9,295.734,227.158,0.0
9,300.02,231.444,0.0
9,304.306,235.73,0.0
9,308.592,240.016,0.0
9,312.878,244.302,0.0
9,317.164,248.588,0.0
9,321.45,252.874,0.0
9,325.736,257.15999999999997,0.0
9,330.022,261.446,0.0
9,334.308,265.73199999999997,0.0
9,338.594,270.01800000000003,0.0
9,342.88,274.304,0.0
9,347.16599999999994,278.5899999999999,0.0
9,351.45199999999994,282.876,0.0
9,355.73799999999994,287.1619999999999,0.0
9,360.02399999999994,291.448,0.0
9,364.30999999999995,295.7339999999999,0.0
9,368.59599999999995,300.02,0.0
14,0.0,-72.862,0.0
14,4.286,-68.576,0.0
14,8.572,-64.28999999999999,0.0
14,12.857999999999999,-60.004,0.0
14,17.144,-55.717999999999996,0.0
14,21.43,-51.431999999999995,0.0
14,25.715999999999998,-47.146,0.0
14,30.001999999999995,-42.86,0.0
14,34.288,-38.574,0.0
14,38.574,-34.288,0.0
14,42.86,-30.001999999999995,0.0
14,47.145999999999994,-25.716,0.0
14,51.431999999999995,-21.43,0.0
14,55.717999999999996,-17.144,0.0
14,60.00399999999999,-12.858000000000004,407.3943007325564
14,64.28999999999999,-8.572000000000003,1329.3212894143612
14,68.576,-4.286000000000001,1338.3170951250806
14,72.862,0.0,1339.1682253693386
14,77.148,4.286000000000001,1333.4051791099012
14,81.434,8.572000000000003,1327.6535621162966
14,85.72,12.858000000000004,1319.6669962311473
14,90.00599999999999,17.14399999999999,1312.0499132293696
14,94.29199999999999,21.429999999999993,1300.5158052964373
14,98.57799999999999,25.715999999999994,1295.4302246041298
14,102.86399999999999,30.001999999999995,1281.5234476232545
14,107.14999999999999,34.288,1264.836981715632
14,111.43599999999999,38.574,1249.2127372073423
14,115.722,42.86,1235.4474266093919
14,120.00799999999998,47.14599999999999,1211.6464884878358
14,124.29399999999998,51.43199999999999,1198.0961605619286
14,128.57999999999998,55.71799999999999,1176.2061843032309
14,132.86599999999999,60.00399999999999,1158.5687697744904
14,137.152,64.28999999999999,1130.3207173631056
14,141.438,68.576,1067.5488450488485
14,145.724,72.862,980.457351435047
14,150.01,77.148,902.6190341623663
14,154.296,81.434,808.3044054721345
14,158.582,85.72,717.6266376671941
14,162.868,90.006,644.9681808810424
14,167.154,94.292,579.7813463555086
14,171.44,98.578,516.8533535895413
14,175.72599999999997,102.86399999999998,492.48677100608506
14,180.01199999999997,107.14999999999998,460.20902416184754
14,184.29799999999997,111.43599999999998,419.6391386894221
14,188.58399999999997,115.72199999999998,380.2874760661659
14,192.86999999999998,120.00799999999998,361.0458288915689
14,197.15599999999998,124.29399999999998,341.9580195287135
14,201.44199999999998,128.57999999999998,307.3089179431405
14,205.72799999999998,132.86599999999999,290.9708858013118
14,210.01399999999998,137.152,267.4376251764138
14,214.29999999999998,141.438,241.18969646949057
14,218.58599999999998,145.724,209.03047452464915
14,222.87199999999999,150.01,209.8825687664414
14,227.158,154.296,134.84310348341347
14,231.444,158.582,16.260686332378473
14,235.73,162.868,0.0
14,240.01599999999996,167.15399999999997,0.0
14,244.30199999999996,171.43999999999997,0.0
14,248.58799999999997,175.72599999999997,0.0
14,252.87399999999997,180.01199999999997,0.0
14,257.15999999999997,184.29799999999997,0.0
14,261.44599999999997,188.58399999999997,0.0
14,265.73199999999997,192.86999999999998,0.0
14,270.018,197.15599999999998,0.0
14,274.304,201.44199999999998,0.0
14,278.59,205.72799999999998,0.0
14,282.876,210.01399999999998,0.0
14,287.162,214.29999999999998,0.0
14,291.448,218.58599999999998,0.0
14,295.734,222.87199999999999,0.0
14,300.02,227.158,0.0
14,304.306,231.444,0.0
14,308.592,235.73,0.0
14,312.878,240.016,0.0
14,317.164,244.302,0.0
14,321.45,248.588,0.0
14,325.736,252.874,0.0
14,330.022,257.15999999999997,0.0
14,334.308,261.446,0.0
14,338.594,265.73199999999997,0.0
19,0.0,-90.00599999999999,0.0
19,4.286,-85.71999999999998,0.0
19,8.572,-81.43399999999998,0.0
19,12.857999999999999,-77.14799999999998,0.0
19,17.144,-72.862,0.0
19,21.43,-68.576,0.0
19,25.715999999999998,-64.28999999999999,0.0
19,30.001999999999995,-60.00399999999999,0.0
19,34.288,-55.71799999999999,0.0
19,38.574,-51.43199999999999,0.0
19,42.86,-47.14599999999999,0.0
19,47.145999999999994,-42.85999999999999,0.0
19,51.431999999999995,-38.57399999999999,0.0
19,55.717999999999996,-34.28799999999999,0.0
19,60.00399999999999,-30.001999999999995,0.0
19,64.28999999999999,-25.715999999999994,0.0
19,68.576,-21.429999999999993,0.0
19,72.862,-17.14399999999999,799.0156535700662
19,77.148,-12.85799999999999,2080.925160271268
19,81.434,-8.571999999999989,2099.103651373087
19,85.72,-4.285999999999987,2105.0073170062856
19,90.00599999999999,0.0,2141.360763648593
19,94.29199999999999,4.286000000000001,2098.5894619958426
19,98.57799999999999,8.572000000000003,2090.3294508581657
19,102.86399999999999,12.858000000000004,2086.9114033814058
19,107.14999999999999,17.144000000000005,2076.9528222587323
19,111.43599999999999,21.430000000000007,2064.2557433673283
19,115.722,25.716000000000008,1387.151808866636
19,120.00799999999998,30.001999999999995,1365.219609096491
19,124.29399999999998,34.288,1345.1229182248073
19,128.57999999999998,38.574,1318.8376756049756
19,132.86599999999999,42.86,1294.4934383147618
19,137.152,47.146,1270.8999043344434
19,141.438,51.432,1239.9714825824958
19,145.724,55.718,1229.3612406011448
19,150.01,60.004000000000005,1198.2412901451125
19,154.296,64.29,1189.553900479415
19,158.582,68.57600000000001,1165.837970292878
19,162.868,72.86200000000001,1129.4489105846585
19,167.154,77.14800000000001,1027.2604938013533
19,171.44,81.43400000000001,881.8705558073704
19,175.72599999999997,85.71999999999998,809.2172304020322
19,180.01199999999997,90.00599999999999,726.3253731173443
19,184.29799999999997,94.29199999999999,646.1831493226277
19,188.58399999999997,98.57799999999999,623.7753785618667
19,192.86999999999998,102.86399999999999,561.560454136507
19,197.15599999999998,107.14999999999999,515.8535407019816
19,201.44199999999998,111.43599999999999,457.2759218710752
19,205.72799999999998,115.722,438.80594623446154
19,210.01399999999998,120.008,399.740513337038
19,214.29999999999998,124.294,366.5607490866876
19,218.58599999999998,128.57999999999998,324.74082389056406
19,222.87199999999999,132.86599999999999,309.4912165899997
19,227.158,137.152,287.73335511403445
19,231.444,141.438,265.3269058459446
19,235.73,145.724,245.64789222488315
19,240.01599999999996,150.01,239.66755006750688
19,244.30199999999996,154.296,181.89947447977022
19,248.58799999999997,158.582,165.54630235923224
19,252.87399999999997,162.868,0.0
19,257.15999999999997,167.154,0.0
19,261.44599999999997,171.44,0.0
19,265.73199999999997,175.726,0.0
19,270.018,180.012,0.0
19,274.304,184.298,0.0
19,278.59,188.584,0.0
19,282.876,192.87,0.0
19,287.162,197.156,0.0
19,291.448,201.442,0.0
19,295.734,205.728,0.0
19,300.02,210.014,0.0
19,304.306,214.3,0.0
19,308.592,218.586,0.0
19,312.878,222.872,0.0
19,317.164,227.15800000000002,0.0
19,321.45,231.44400000000002,0.0
19,325.736,235.73000000000002,0.0
19,330.022,240.01600000000002,0.0
19,334.308,244.30200000000002,0.0
19,338.594,248.58800000000002,0.0
19,342.88,252.87400000000002,0.0
19,347.16599999999994,257.15999999999997,0.0
19,351.45199999999994,261.44599999999997,0.0
19,355.73799999999994,265.73199999999997,0.0
22,0.0,-25.715999999999998,1705.0959875033427
22,4.286,-21.43,1744.3802368176498
22,8.572,-17.144,1769.8045592638425
22,12.857999999999999,-12.857999999999999,1804.9393053458268
22,17.144,-8.572,1854.4324066746137
22,21.43,-4.285999999999998,1896.6933998957427
22,25.715999999999998,0.0,1918.077707739136
22,30.001999999999995,4.285999999999998,1918.077707739136
22,34.288,8.572,1917.8607016045682
22,38.574,12.858,1903.768112330805
22,42.86,17.144000000000002,1897.729974049578
22,47.145999999999994,21.429999999999996,1887.9866619710301
22,51.431999999999995,25.715999999999998,1872.0501831966578
22,55.717999999999996,30.002,1861.4736869301696
22,60.00399999999999,34.288,1835.426299877533
22,64.28999999999999,38.574,1808.9157097899838
22,68.576,42.86,1806.9733414262096
22,72.862,47.146,1535.0843879183635
22,77.148,51.432,1520.5214691460988
22,81.434,55.718,1502.436268372313
22,85.72,60.004000000000005,1475.2920182476232
22,90.00599999999999,64.28999999999999,1451.8773309291378
22,94.29199999999999,68.576,1415.2230846958698
22,98.57799999999999,72.862,1338.1560107261107
22,102.86399999999999,77.148,1316.5984649421964
22,107.14999999999999,81.434,1294.8590498637764
22,111.43599999999999,85.72,1266.3784908540747
22,115.722,90.006,1222.0980175603756
22,120.00799999999998,94.29199999999999,1131.7376373228503
22,124.29399999999998,98.57799999999999,1100.1900145537627
22,128.57999999999998,102.86399999999999,997.3111534178659
22,132.86599999999999,107.14999999999999,950.358241776699
22,137.152,111.43599999999999,924.6377828107899
22,141.438,115.722,650.4781919639161
22,145.724,120.008,572.8505422291506
22,150.01,124.294,522.8219584998748
22,154.296,128.57999999999998,486.3232634835922
22,158.582,132.86599999999999,441.23968614008425
22,162.868,137.152,384.7475134735114
22,167.154,141.438,359.0280624115037
22,171.44,145.724,331.75874095312906
22,175.72599999999997,150.00999999999996,311.00916797216087
22,180.01199999999997,154.29599999999996,276.0897223786713
22,184.29799999999997,158.58199999999997,251.9085505784721
22,188.58399999999997,162.86799999999997,216.96699087297185
22,192.86999999999998,167.15399999999997,185.47857447539565
22,197.15599999999998,171.43999999999997,116.14320801865718
22,201.44199999999998,175.72599999999997,0.0
22,205.72799999999998,180.01199999999997,0.0
22,210.01399999999998,184.29799999999997,0.0
22,214.29999999999998,188.58399999999997,0.0
22,218.58599999999998,192.86999999999998,0.0
22,222.87199999999999,197.15599999999998,0.0
22,227.158,201.44199999999998,0.0
22,231.444,205.72799999999998,0.0
22,235.73,210.01399999999998,0.0
22,240.01599999999996,214.29999999999995,0.0
22,244.30199999999996,218.58599999999996,0.0
22,248.58799999999997,222.87199999999996,0.0
22,252.87399999999997,227.15799999999996,0.0
22,257.15999999999997,231.44399999999996,0.0
22,261.44599999999997,235.72999999999996,0.0
22,265.73199999999997,240.01599999999996,0.0
22,270.018,244.30199999999996,0.0
22,274.304,248.58799999999997,0.0
22,278.59,252.87399999999997,0.0
22,282.876,257.15999999999997,0.0
22,287.162,261.44599999999997,0.0
22,291.448,265.73199999999997,0.0
22,295.734,270.018,0.0
22,300.02,274.304,0.0
22,304.306,278.59,0.0
22,308.592,282.876,0.0
22,312.878,287.162,0.0
22,317.164,291.448,0.0
22,321.45,295.734,0.0
22,325.736,300.02,0.0
22,330.022,304.306,0.0
22,334.308,308.592,0.0
22,338.594,312.878,0.0
3,0.0,-55.717999999999996,0.0
3,4.286,-51.431999999999995,0.0
3,8.572,-47.146,0.0
3,12.857999999999999,-42.86,0.0
3,17.144,-38.574,0.0
3,21.43,-34.288,0.0
3,25.715999999999998,-30.002,0.0
3,30.001999999999995,-25.716,0.0
3,34.288,-21.43,0.0
3,38.574,-17.144,0.0
3,42.86,-12.857999999999997,223.25337232839283
3,47.145999999999994,-8.572000000000003,488.38609166832555
3,51.431999999999995,-4.286000000000001,498.6344910891442
3,55.717999999999996,0.0,505.7632375796294
3,60.00399999999999,4.285999999999994,504.35914996456484
3,64.28999999999999,8.571999999999996,499.73421326775895
3,68.576,12.857999999999997,496.2123106911544
3,72.862,17.144,490.1372671265163
3,77.148,21.43,482.6454337020273
3,81.434,25.716,475.01496066943344
3,85.72,30.002000000000002,470.4763936574484
3,90.00599999999999,34.28799999999999,459.23312734808246
3,94.29199999999999,38.57399999999999,449.2457015463146
3,98.57799999999999,42.85999999999999,439.90727536185176
3,102.86399999999999,47.145999999999994,429.6337765363756
3,107.14999999999999,51.431999999999995,415.143305184481
3,111.43599999999999,55.717999999999996,408.3961682338248
3,115.722,60.004,397.8551097696634
3,120.00799999999998,64.28999999999999,386.62710879898907
3,124.29399999999998,68.576,366.54644197622883
3,128.57999999999998,72.862,362.57253540406555
3,132.86599999999999,77.148,339.0886543244154
3,137.152,81.434,325.3115590219221
3,141.438,85.72,296.945339630251
3,145.724,90.006,292.17276168596794
3,150.01,94.292,258.3224060781855
3,154.296,98.578,249.05597830476074
3,158.582,102.864,228.75974039385264
3,162.868,107.15,202.56047948378395
3,167.154,111.436,190.1403224166205
3,171.44,115.72200000000001,165.98008639115295
3,175.72599999999997,120.00799999999998,143.18445960368746
3,180.01199999999997,124.29399999999998,134.78040860599884
3,184.29799999999997,128.57999999999998,86.00257521711701
3,188.58399999999997,132.86599999999999,46.04664574103091
3,192.86999999999998,137.152,15.60299971159397
3,197.15599999999998,141.438,0.0
3,201.44199999999998,145.724,0.0
3,205.72799999999998,150.01,0.0
3,210.01399999999998,154.296,0.0
3,214.29999999999998,158.582,0.0
3,218.58599999999998,162.868,0.0
3,222.87199999999999,167.154,0.0
3,227.158,171.44,0.0
3,231.444,175.726,0.0
3,235.73,180.012,0.0
3,240.01599999999996,184.29799999999997,0.0
3,244.30199999999996,188.58399999999997,0.0
3,248.58799999999997,192.86999999999998,0.0
3,252.87399999999997,197.15599999999998,0.0
3,257.15999999999997,201.44199999999998,0.0
3,261.44599999999997,205.72799999999998,0.0
3,265.73199999999997,210.01399999999998,0.0
3,270.018,214.29999999999998,0.0
3,274.304,218.58599999999998,0.0
3,278.59,222.87199999999999,0.0
3,282.876,227.158,0.0
3,287.162,231.444,0.0
3,291.448,235.73,0.0
3,295.734,240.016,0.0
3,300.02,244.302,0.0
3,304.306,248.588,0.0
3,308.592,252.874,0.0
3,312.878,257.15999999999997,0.0
3,317.164,261.44599999999997,0.0
3,321.45,265.73199999999997,0.0
3,325.736,270.018,0.0
3,330.022,274.304,0.0
3,334.308,278.59,0.0
3,338.594,282.876,0.0
8,0.0,-30.001999999999995,58.62873834562705
8,4.286,-25.715999999999994,635.3851480417212
8,8.572,-21.429999999999996,688.1652324958011
8,12.857999999999999,-17.144,931.2774871626609
8,17.144,-12.857999999999997,1051.5555275859517
8,21.43,-8.571999999999996,1049.5133645535454
8,25.715999999999998,-4.285999999999998,1055.4850768215754
8,30.001999999999995,0.0,1056.2100979718266
8,34.288,4.286000000000001,1053.8316424184766
8,38.574,8.572000000000003,1048.8292843307809
8,42.86,12.858000000000004,1043.3481794655593
8,47.145999999999994,17.144,1037.2510848869492
8,51.431999999999995,21.43,1028.6353177515225
8,55.717999999999996,25.716,1015.9931969382767
8,60.00399999999999,30.001999999999995,1007.4457060317961
8,64.28999999999999,34.288,991.0441052812458
8,68.576,38.574,972.5916964532297
8,72.862,42.86,955.892768619966
8,77.148,47.146,937.8684095175691
8,81.434,51.432,904.9524098504229
8,85.72,55.718,868.7332129017732
8,90.00599999999999,60.00399999999999,840.5506365953817
8,94.29199999999999,64.28999999999999,809.1655473316702
8,98.57799999999999,68.576,765.9972158386676
8,102.86399999999999,72.862,730.9626125098802
8,107.14999999999999,77.148,682.2741947115322
8,111.43599999999999,81.434,656.4072746148087
8,115.722,85.72,596.957664182061
8,120.00799999999998,90.00599999999999,546.3502216344058
8,124.29399999999998,94.29199999999999,520.7816894092756
8,128.57999999999998,98.57799999999999,463.5409926221001
8,132.86599999999999,102.86399999999999,426.15761496551596
8,137.152,107.14999999999999,382.41898344880667
8,141.438,111.43599999999999,348.3034459921407
8,145.724,115.722,313.4028912405523
8,150.01,120.008,290.0857524579337
8,154.296,124.294,270.1849899935928
8,158.582,128.57999999999998,228.63356942175102
8,162.868,132.86599999999999,203.93830122240908
8,167.154,137.152,166.86796818999488
8,171.44,141.438,124.50043406436203
8,175.72599999999997,145.724,0.0
8,180.01199999999997,150.01,0.0
8,184.29799999999997,154.296,0.0
8,188.58399999999997,158.582,0.0
8,192.86999999999998,162.868,0.0
8,197.15599999999998,167.154,0.0
8,201.44199999999998,171.44,0.0
8,205.72799999999998,175.726,0.0
8,210.01399999999998,180.012,0.0
8,214.29999999999998,184.298,0.0
8,218.58599999999998,188.584,0.0
8,222.87199999999999,192.87,0.0
8,227.158,197.156,0.0
8,231.444,201.442,0.0
8,235.73,205.728,0.0
8,240.01599999999996,210.01399999999995,0.0
8,244.30199999999996,214.29999999999995,0.0
8,248.58799999999997,218.58599999999996,0.0
8,252.87399999999997,222.87199999999996,0.0
8,257.15999999999997,227.15799999999996,0.0
8,261.44599999999997,231.44399999999996,0.0
8,265.73199999999997,235.72999999999996,0.0
8,270.018,240.01599999999996,0.0
8,274.304,244.30199999999996,0.0
13,0.0,-90.00599999999999,0.0
13,4.286,-85.71999999999998,0.0
13,8.572,-81.43399999999998,0.0
13,12.857999999999999,-77.14799999999998,0.0
13,17.144,-72.862,0.0
13,21.43,-68.576,0.0
13,25.715999999999998,-64.28999999999999,0.0
13,30.001999999999995,-60.00399999999999,0.0
13,34.288,-55.71799999999999,0.0
13,38.574,-51.43199999999999,0.0
13,42.86,-47.14599999999999,0.0
13,47.145999999999994,-42.85999999999999,224.02009467009876
13,51.431999999999995,-38.57399999999999,712.2477606226641
13,55.717999999999996,-34.28799999999999,980.783620099765
13,60.00399999999999,-30.001999999999995,1153.6839494835663
13,64.28999999999999,-25.715999999999994,1200.744615758072
13,68.576,-21.429999999999993,1243.8521640002077
13,72.862,-17.14399999999999,1283.2126784259794
13,77.148,-12.85799999999999,1301.4384892061746
13,81.434,-8.571999999999989,1303.569450152124
13,85.72,-4.285999999999987,1303.143648756009
13,90.00599999999999,0.0,1304.5376471132681
13,94.29199999999999,4.286000000000001,1299.1421664616207
13,98.57799999999999,8.572000000000003,1297.1623497542184
13,102.86399999999999,12.858000000000004,1289.6544137391866
13,107.14999999999999,17.144000000000005,1279.188646157655
13,111.43599999999999,21.430000000000007,1269.6959957195745
13,115.722,25.716000000000008,1257.3934649768141
13,120.00799999999998,30.001999999999995,1245.5789678457445
13,124.29399999999998,34.288,1232.4635416351778
13,128.57999999999998,38.574,1206.3970689992675
13,132.86599999999999,42.86,1188.2977509987588
13,137.152,47.146,1140.9667845733056
13,141.438,51.432,1115.077473376373
13,145.724,55.718,1068.3423705174312
13,150.01,60.004000000000005,1022.3699657318883
13,154.296,64.29,964.907976707205
13,158.582,68.57600000000001,912.8195566404174
13,162.868,72.86200000000001,895.7262200293123
13,167.154,77.14800000000001,809.9090864541676
13,171.44,81.43400000000001,720.3003997893384
13,175.72599999999997,85.71999999999998,664.0252470590475
13,180.01199999999997,90.00599999999999,595.4124680435544
13,184.29799999999997,94.29199999999999,544.076194092701
13,188.58399999999997,98.57799999999999,502.1514927708762
13,192.86999999999998,102.86399999999999,471.1662159588293
13,197.15599999999998,107.14999999999999,428.1323530354965
13,201.44199999999998,111.43599999999999,385.5217863267261
13,205.72799999999998,115.722,365.4110640469253
13,210.01399999999998,120.008,329.1975162160614
13,214.29999999999998,124.294,302.7283902642763
13,218.58599999999998,128.57999999999998,277.69413787780263
13,222.87199999999999,132.86599999999999,265.65204243144825
13,227.158,137.152,238.16655509361783
13,231.444,141.438,211.9994723763161
18,0.0,-25.715999999999998,1043.2532449985476
18,4.286,-21.43,1298.0650493041558
18,8.572,-17.144,1402.9996123484855
18,12.857999999999999,-12.857999999999999,1421.6771624036166
18,17.144,-8.572,1437.0395920954998
18,21.43,-4.285999999999998,1442.3436191140354
18,25.715999999999998,0.0,1450.9383567045895
18,30.001999999999995,4.285999999999998,1449.0342443471063
18,34.288,8.572,1448.6909836666277
18,38.574,12.858,1444.4862942032846
18,42.86,17.144000000000002,1440.680139369865
18,47.145999999999994,21.429999999999996,1432.2869849915146
18,51.431999999999995,25.715999999999998,1420.7752748186156
18,55.717999999999996,30.002,1404.998306048461
18,60.00399999999999,34.288,1393.7207621755301
18,64.28999999999999,38.574,1379.8688277403803
18,68.576,42.86,1367.1077815690626
18,72.862,47.146,1350.8591759521
18,77.148,51.432,1327.2533593095466
18,81.434,55.718,1311.3544905043177
18,85.72,60.004000000000005,1292.3802854111534
18,90.00599999999999,64.28999999999999,1285.516900950132
18,94.29199999999999,68.576,1243.64208265382
18,98.57799999999999,72.862,1214.81143770028
18,102.86399999999999,77.148,1189.57692349651
18,107.14999999999999,81.434,1123.308996689397
18,111.43599999999999,85.72,1088.2717004439924
18,115.722,90.006,1044.0431732031177
18,120.00799999999998,94.29199999999999,1000.9417750328773
18,124.29399999999998,98.57799999999999,948.5124878166596
18,128.57999999999998,102.86399999999999,931.6489866130387
18,132.86599999999999,107.14999999999999,727.424249380175
18,137.152,111.43599999999999,678.3232214454397
18,141.438,115.722,620.5068820656468
18,145.724,120.008,560.0127336710126
18,150.01,124.294,530.4852652495705
18,154.296,128.57999999999998,472.6894711388894
18,158.582,132.86599999999999,426.62691277062316
18,162.868,137.152,381.22751253502514
18,167.154,141.438,350.7447221541735
18,171.44,145.724,329.427327014686
18,175.72599999999997,150.00999999999996,304.5392376372897
18,180.01199999999997,154.29599999999996,285.45124248947076
18,184.29799999999997,158.58199999999997,260.8133112496369
18,188.58399999999997,162.86799999999997,249.81190522963448
18,192.86999999999998,167.15399999999997,222.8904330046492
18,197.15599999999998,171.43999999999997,167.69273372574997
18,201.44199999999998,175.72599999999997,137.4459117274127
18,205.72799999999998,180.01199999999997,0.0
18,210.01399999999998,184.29799999999997,0.0
18,214.29999999999998,188.58399999999997,0.0
18,218.58599999999998,192.86999999999998,0.0
18,222.87199999999999,197.15599999999998,0.0
18,227.158,201.44199999999998,0.0
18,231.444,205.72799999999998,0.0
18,235.73,210.01399999999998,0.0
18,240.01599999999996,214.29999999999995,0.0
18,244.30199999999996,218.58599999999996,0.0
18,248.58799999999997,222.87199999999996,0.0
18,252.87399999999997,227.15799999999996,0.0
18,257.15999999999997,231.44399999999996,0.0
18,261.44599999999997,235.72999999999996,0.0
18,265.73199999999997,240.01599999999996,0.0
18,270.018,244.30199999999996,0.0
18,274.304,248.58799999999997,0.0
18,278.59,252.87399999999997,0.0
18,282.876,257.15999999999997,0.0
18,287.162,261.44599999999997,0.0
18,291.448,265.73199999999997,0.0
18,295.734,270.018,0.0
18,300.02,274.304,0.0
18,304.306,278.59,0.0
18,308.592,282.876,0.0
18,312.878,287.162,0.0
18,317.164,291.448,0.0
18,321.45,295.734,0.0
18,325.736,300.02,0.0
18,330.022,304.306,0.0
18,334.308,308.592,0.0
18,338.594,312.878,0.0
18,342.88,317.164,0.0
18,347.16599999999994,321.44999999999993,0.0
18,351.45199999999994,325.73599999999993,0.0
18,355.73799999999994,330.02199999999993,0.0
18,360.02399999999994,334.30799999999994,0.0
18,364.30999999999995,338.59399999999994,0.0
18,368.59599999999995,342.87999999999994,0.0
18,372.88199999999995,347.16599999999994,0.0
18,377.16799999999995,351.45199999999994,0.0
18,381.45399999999995,355.73799999999994,0.0
18,385.73999999999995,360.02399999999994,0.0
18,390.02599999999995,364.30999999999995,0.0
18,394.31199999999995,368.59599999999995,0.0
18,398.59799999999996,372.88199999999995,0.0
2,0.0,-42.86,0.0
2,4.286,-38.574,0.0
2,8.572,-34.288,0.0
2,12.857999999999999,-30.002000000000002,0.0
2,17.144,-25.716,0.0
2,21.43,-21.43,123.06941782587582
2,25.715999999999998,-17.144000000000002,353.52655998241494
2,30.001999999999995,-12.858000000000004,381.2827669628204
2,34.288,-8.572000000000003,396.8276601876437
2,38.574,-4.286000000000001,404.16323550421043
2,42.86,0.0,404.31566726994424
2,47.145999999999994,4.285999999999994,401.04532123373923
2,51.431999999999995,8.571999999999996,395.647324813249
2,55.717999999999996,12.857999999999997,388.71105894900745
2,60.00399999999999,17.14399999999999,380.7635945766048
2,64.28999999999999,21.429999999999993,375.38582445283197
2,68.576,25.715999999999994,366.80251739341213
2,72.862,30.001999999999995,358.2047625592802
2,77.148,34.288,347.0894750233025
2,81.434,38.574,337.8932071789111
2,85.72,42.86,329.3295861835045
2,90.00599999999999,47.14599999999999,319.7355721219201
2,94.29199999999999,51.43199999999999,315.6011787341641
2,98.57799999999999,55.71799999999999,303.8520860555226
2,102.86399999999999,60.00399999999999,296.1533890052544
2,107.14999999999999,64.28999999999999,287.6319780936738
2,111.43599999999999,68.576,278.3276752842954
2,115.722,72.862,262.3639079092227
2,120.00799999999998,77.14799999999998,254.71349855715016
2,124.29399999999998,81.43399999999998,236.9214303744965
2,128.57999999999998,85.71999999999998,228.24407701871837
2,132.86599999999999,90.00599999999999,209.48424253941525
2,137.152,94.29199999999999,198.81494020735823
2,141.438,98.57799999999999,171.49321143249136
2,145.724,102.86399999999999,159.63875439474154
2,150.01,107.14999999999999,137.85172227996463
2,154.296,111.43599999999999,120.21543796095081
2,158.582,115.722,72.60518763828286
2,162.868,120.008,4.859190397824971
2,167.154,124.294,0.0
2,171.44,128.57999999999998,0.0
2,175.72599999999997,132.86599999999999,0.0
2,180.01199999999997,137.152,0.0
2,184.29799999999997,141.438,0.0
2,188.58399999999997,145.724,0.0
2,192.86999999999998,150.01,0.0
2,197.15599999999998,154.296,0.0
2,201.44199999999998,158.582,0.0
2,205.72799999999998,162.868,0.0
2,210.01399999999998,167.154,0.0
2,214.29999999999998,171.44,0.0
2,218.58599999999998,175.726,0.0
2,222.87199999999999,180.012,0.0
2,227.158,184.298,0.0
2,231.444,188.584,0.0
2,235.73,192.87,0.0
2,240.01599999999996,197.15599999999995,0.0
2,244.30199999999996,201.44199999999995,0.0
2,248.58799999999997,205.72799999999995,0.0
2,252.87399999999997,210.01399999999995,0.0
2,257.15999999999997,214.29999999999995,0.0
2,261.44599999999997,218.58599999999996,0.0
2,265.73199999999997,222.87199999999996,0.0
7,0.0,-51.431999999999995,0.0
7,4.286,-47.145999999999994,0.0
7,8.572,-42.86,0.0
7,12.857999999999999,-38.574,0.0
7,17.144,-34.288,0.0
7,21.43,-30.001999999999995,0.0
7,25.715999999999998,-25.715999999999998,10.284161025577149
7,30.001999999999995,-21.43,614.3548976804858
7,34.288,-17.144,835.6157709952585
7,38.574,-12.857999999999997,879.3784580759299
7,42.86,-8.571999999999996,954.1411423080937
7,47.145999999999994,-4.286000000000001,976.707554640123
7,51.431999999999995,0.0,984.3894087108248
7,55.717999999999996,4.286000000000001,983.3777609949088
7,60.00399999999999,8.571999999999996,979.8879981871596
7,64.28999999999999,12.857999999999997,978.2604120079528
7,68.576,17.144,974.1312155786646
7,72.862,21.43,965.6322256627545
7,77.148,25.716,958.0208046162674
7,81.434,30.002000000000002,947.5088960457183
7,85.72,34.288000000000004,934.3627475751819
7,90.00599999999999,38.57399999999999,922.8187025758862
7,94.29199999999999,42.85999999999999,905.4471993654298
7,98.57799999999999,47.145999999999994,888.1356281090495
7,102.86399999999999,51.431999999999995,860.1810603540724
7,107.14999999999999,55.717999999999996,830.8991161298635
7,111.43599999999999,60.004,801.3487841226518
7,115.722,64.28999999999999,761.0167804455052
7,120.00799999999998,68.576,723.6985545781064
7,124.29399999999998,72.862,693.7476796093052
7,128.57999999999998,77.148,658.651369010688
7,132.86599999999999,81.434,633.2739225805168
7,137.152,85.72,590.96331972587
7,141.438,90.006,551.0935326229783
7,145.724,94.292,505.5583325731319
7,150.01,98.578,459.05741987952484
7,154.296,102.864,435.45898396749914
7,158.582,107.15,409.4659085589422
7,162.868,111.436,355.4615108778398
7,167.154,115.72200000000001,323.03153859646585
7,171.44,120.00800000000001,289.83073267241275
7,175.72599999999997,124.29399999999998,243.32637942911168
7,180.01199999999997,128.57999999999998,223.254301102283
7,184.29799999999997,132.86599999999999,208.04784042138
7,188.58399999999997,137.152,146.74851644905996
7,192.86999999999998,141.438,129.48541312145574
7,197.15599999999998,145.724,77.81688006585513
7,201.44199999999998,150.01,0.0
7,205.72799999999998,154.296,0.0
7,210.01399999999998,158.582,0.0
7,214.29999999999998,162.868,0.0
7,218.58599999999998,167.154,0.0
7,222.87199999999999,171.44,0.0
7,227.158,175.726,0.0
7,231.444,180.012,0.0
7,235.73,184.298,0.0
7,240.01599999999996,188.58399999999997,0.0
7,244.30199999999996,192.86999999999998,0.0
7,248.58799999999997,197.15599999999998,0.0
7,252.87399999999997,201.44199999999998,0.0
7,257.15999999999997,205.72799999999998,0.0
7,261.44599999999997,210.01399999999998,0.0
7,265.73199999999997,214.29999999999998,0.0
7,270.018,218.58599999999998,0.0
7,274.304,222.87199999999999,0.0
7,278.59,227.158,0.0
7,282.876,231.444,0.0
7,287.162,235.73,0.0
7,291.448,240.016,0.0
7,295.734,244.302,0.0
7,300.02,248.588,0.0
7,304.306,252.874,0.0
7,308.592,257.15999999999997,0.0
7,312.878,261.44599999999997,0.0
12,0.0,-12.857999999999999,1191.2371078169115
12,4.286,-8.572,1229.2541498258204
12,8.572,-4.286,1238.2435742033956
12,12.857999999999999,0.0,1243.2892430259342
12,17.144,4.286,1238.7043917413434
12,21.43,8.572000000000001,1239.593306512762
12,25.715999999999998,12.857999999999999,1236.3201230347154
12,30.001999999999995,17.144,1233.913539599552
12,34.288,21.43,1229.1120737372773
12,38.574,25.716,1227.1005146839339
12,42.86,30.002000000000002,1220.2533442149304
12,47.145999999999994,34.288,1212.7280090875668
12,51.431999999999995,38.574,1208.5450578477924
12,55.717999999999996,42.86,1201.7695247488105
12,60.00399999999999,47.145999999999994,1184.659097426903
12,64.28999999999999,51.431999999999995,1171.5269784175155
12,68.576,55.717999999999996,1160.5494356748727
12,72.862,60.004,1124.5476940729325
12,77.148,64.28999999999999,1104.419148258486
12,81.434,68.576,1083.4403869156806
12,85.72,72.862,1019.1269102544444
12,90.00599999999999,77.14799999999998,891.100083797667
12,94.29199999999999,81.43399999999998,845.2868462693068
12,98.57799999999999,85.71999999999998,816.6104650004587
12,102.86399999999999,90.00599999999999,724.9991539195063
12,107.14999999999999,94.29199999999999,597.329225766562
12,111.43599999999999,98.57799999999999,526.4577112519413
12,115.722,102.86399999999999,494.29850641366517
12,120.00799999999998,107.14999999999998,472.4743059718939
12,124.29399999999998,111.43599999999998,424.71117731798836
12,128.57999999999998,115.72199999999998,374.30254752067697
12,132.86599999999999,120.00799999999998,355.10207975732266
12,137.152,124.29399999999998,335.50233706862423
12,141.438,128.57999999999998,304.9989297193366
12,145.724,132.86599999999999,293.08595029142356
12,150.01,137.152,252.92926934668074
12,154.296,141.438,210.91978774657997
12,158.582,145.724,165.67949030963734
12,162.868,150.01,157.0940752542883
12,167.154,154.296,72.24101267920906
12,171.44,158.582,3.424
12,175.72599999999997,162.86799999999997,0.0
12,180.01199999999997,167.15399999999997,0.0
12,184.29799999999997,171.43999999999997,0.0
12,188.58399999999997,175.72599999999997,0.0
12,192.86999999999998,180.01199999999997,0.0
12,197.15599999999998,184.29799999999997,0.0
12,201.44199999999998,188.58399999999997,0.0
12,205.72799999999998,192.86999999999998,0.0
12,210.01399999999998,197.15599999999998,0.0
12,214.29999999999998,201.44199999999998,0.0
12,218.58599999999998,205.72799999999998,0.0
12,222.87199999999999,210.01399999999998,0.0
12,227.158,214.29999999999998,0.0
12,231.444,218.58599999999998,0.0
12,235.73,222.87199999999999,0.0
12,240.01599999999996,227.15799999999996,0.0
12,244.30199999999996,231.44399999999996,0.0
12,248.58799999999997,235.72999999999996,0.0
12,252.87399999999997,240.01599999999996,0.0
12,257.15999999999997,244.30199999999996,0.0
12,261.44599999999997,248.58799999999997,0.0
17,0.0,-72.862,0.0
17,4.286,-68.576,0.0
17,8.572,-64.28999999999999,0.0
17,12.857999999999999,-60.004,0.0
17,17.144,-55.717999999999996,0.0
17,21.43,-51.431999999999995,0.0
17,25.715999999999998,-47.146,0.0
17,30.001999999999995,-42.86,0.0
17,34.288,-38.574,0.0
17,38.574,-34.288,65.07449673259102
17,42.86,-30.001999999999995,1161.7076901269097
17,47.145999999999994,-25.716,1405.669382296207
17,51.431999999999995,-21.43,1426.9345805694809
17,55.717999999999996,-17.144,1459.7026678060465
17,60.00399999999999,-12.858000000000004,1478.1296211869012
17,64.28999999999999,-8.572000000000003,1478.9768007815405
17,68.576,-4.286000000000001,1478.9331501493903
17,72.862,0.0,1482.714703719049
17,77.148,4.286000000000001,1482.28990135018
17,81.434,8.572000000000003,1472.2538005674835
17,85.72,12.858000000000004,1469.6148850723935
17,90.00599999999999,17.14399999999999,1458.400352614609
17,94.29199999999999,21.429999999999993,1453.1438155704288
17,98.57799999999999,25.715999999999994,1436.6415039435344
17,102.86399999999999,30.001999999999995,1425.929730399257
17,107.14999999999999,34.288,1408.672932913436
17,111.43599999999999,38.574,1393.8261148788552
17,115.722,42.86,1382.0949480022396
17,120.00799999999998,47.14599999999999,1363.1550843042546
17,124.29399999999998,51.43199999999999,1349.0248887411624
17,128.57999999999998,55.71799999999999,1331.3387527085981
17,132.86599999999999,60.00399999999999,1300.13070619571
17,137.152,64.28999999999999,1261.443351036154
17,141.438,68.576,1161.2447101734738
17,145.724,72.862,1066.75209002773
17,150.01,77.148,1028.5022168449743
17,154.296,81.434,955.3041170684276
17,158.582,85.72,925.1440322367079
17,162.868,90.006,745.4546378970406
17,167.154,94.292,716.6355704266556
17,171.44,98.578,628.5517511686514
17,175.72599999999997,102.86399999999998,567.5241729973653
17,180.01199999999997,107.14999999999998,552.3625626987048
17,184.29799999999997,111.43599999999998,496.8289330108783
17,188.58399999999997,115.72199999999998,433.35128595749615
17,192.86999999999998,120.00799999999998,400.5577235492085
17,197.15599999999998,124.29399999999998,385.94344685172905
17,201.44199999999998,128.57999999999998,357.2945292267833
17,205.72799999999998,132.86599999999999,331.5358653675346
17,210.01399999999998,137.152,308.79184140923553
17,214.29999999999998,141.438,270.61193100465493
17,218.58599999999998,145.724,246.35409363353398
17,222.87199999999999,150.01,227.65868251617374
17,227.158,154.296,176.91675169765585
17,231.444,158.582,165.0701814587008
17,235.73,162.868,6.427600640985718
17,240.01599999999996,167.15399999999997,0.0
17,244.30199999999996,171.43999999999997,0.0
17,248.58799999999997,175.72599999999997,0.0
17,252.87399999999997,180.01199999999997,0.0
17,257.15999999999997,184.29799999999997,0.0
17,261.44599999999997,188.58399999999997,0.0
17,265.73199999999997,192.86999999999998,0.0
17,270.018,197.15599999999998,0.0
17,274.304,201.44199999999998,0.0
17,278.59,205.72799999999998,0.0
17,282.876,210.01399999999998,0.0
17,287.162,214.29999999999998,0.0
17,291.448,218.58599999999998,0.0
17,295.734,222.87199999999999,0.0
17,300.02,227.158,0.0
17,304.306,231.444,0.0
17,308.592,235.73,0.0
17,312.878,240.016,0.0
17,317.164,244.302,0.0
17,321.45,248.588,0.0
17,325.736,252.874,0.0
17,330.022,257.15999999999997,0.0
17,334.308,261.446,0.0
17,338.594,265.73199999999997,0.0
17,342.88,270.01800000000003,0.0
17,347.16599999999994,274.304,0.0
17,351.45199999999994,278.5899999999999,0.0
17,355.73799999999994,282.876,0.0
17,360.02399999999994,287.1619999999999,0.0
17,364.30999999999995,291.448,0.0
17,368.59599999999995,295.7339999999999,0.0
17,372.88199999999995,300.02,0.0
17,377.16799999999995,304.3059999999999,0.0
21,0.0,-85.72,1042.15373310515
21,4.286,-81.434,1078.0755328825528
21,8.572,-77.148,1144.3024765004227
21,12.857999999999999,-72.862,1196.2678299298195
21,17.144,-68.576,1290.1156829234344
21,21.43,-64.28999999999999,1330.5055698586912
21,25.715999999999998,-60.004000000000005,1383.413189253305
21,30.001999999999995,-55.718,1434.219381911289
21,34.288,-51.432,1448.4580574269312
21,38.574,-47.146,1475.0748310848505
21,42.86,-42.86,1500.2700093733124
21,47.145999999999994,-38.574000000000005,1513.9285160964503
21,51.431999999999995,-34.288000000000004,1523.4940978534637
21,55.717999999999996,-30.002000000000002,1547.6776120691286
21,60.00399999999999,-25.716000000000008,1555.831239731675
21,64.28999999999999,-21.430000000000007,1560.2661299438635
21,68.576,-17.144000000000005,1568.6870434397042
21,72.862,-12.858000000000004,1579.7847288238356
21,77.148,-8.572000000000003,1587.5002519684838
21,81.434,-4.286000000000001,1590.8928364443657
21,85.72,0.0,1594.8028728106178
21,90.00599999999999,4.285999999999987,1594.3041153431172
21,94.29199999999999,8.571999999999989,1590.1330589372074
21,98.57799999999999,12.85799999999999,1587.7149403545334
21,102.86399999999999,17.14399999999999,1578.2506584485325
21,107.14999999999999,21.429999999999993,1574.2293347842815
21,111.43599999999999,25.715999999999994,1567.4003068925651
21,115.722,30.001999999999995,1556.9003211592953
21,120.00799999999998,34.28799999999998,1546.5444361383552
21,124.29399999999998,38.573999999999984,1538.3129762584076
21,128.57999999999998,42.859999999999985,1532.3594049047372
21,132.86599999999999,47.14599999999999,1513.3143822748796
21,137.152,51.43199999999999,1513.8803384531138
21,141.438,55.71799999999999,1502.88076047283
21,145.724,60.00399999999999,1500.1546046876156
21,150.01,64.28999999999999,1485.9697011492947
21,154.296,68.576,1474.215867114424
21,158.582,72.862,1459.8495634694768
21,162.868,77.148,1446.047439406423
21,167.154,81.434,1429.7263398364496
21,171.44,85.72,1404.768152119251
21,175.72599999999997,90.00599999999997,1391.5023138901072
21,180.01199999999997,94.29199999999997,1362.8068982703883
21,184.29799999999997,98.57799999999997,1343.6600121595918
21,188.58399999999997,102.86399999999998,1309.1946050594188
21,192.86999999999998,107.14999999999998,1279.4624284947208
21,197.15599999999998,111.43599999999998,1263.3219734196823
21,201.44199999999998,115.72199999999998,1225.9665056366107
21,205.72799999999998,120.00799999999998,1182.5947044738107
21,210.01399999999998,124.29399999999998,1149.263469005869
21,214.29999999999998,128.57999999999998,1119.410719023382
21,218.58599999999998,132.86599999999999,1091.76647168222
21,222.87199999999999,137.152,1046.6784189190269
21,227.158,141.438,1015.2815641948255
21,231.444,145.724,976.6108331657108
21,235.73,150.01,953.4849325088634
21,240.01599999999996,154.29599999999996,916.9099010479326
21,244.30199999999996,158.58199999999997,879.3227387891861
21,248.58799999999997,162.86799999999997,838.4631964642216
21,252.87399999999997,167.15399999999997,811.2678240089833
21,257.15999999999997,171.43999999999997,750.031352345062
21,261.44599999999997,175.72599999999997,702.8310172616176
21,265.73199999999997,180.01199999999997,208.5753932035129
21,270.018,184.29799999999997,0.0
21,274.304,188.58399999999997,0.0
21,278.59,192.86999999999998,0.0
21,282.876,197.15599999999998,0.0
21,287.162,201.44199999999998,0.0
21,291.448,205.72799999999998,0.0
21,295.734,210.01399999999998,0.0
21,300.02,214.29999999999998,0.0
21,304.306,218.58599999999998,0.0
21,308.592,222.87199999999999,0.0
21,312.878,227.158,0.0
21,317.164,231.444,0.0
21,321.45,235.73,0.0
21,325.736,240.016,0.0
21,330.022,244.302,0.0
21,334.308,248.588,0.0
21,338.594,252.874,0.0
21,342.88,257.15999999999997,0.0
21,347.16599999999994,261.4459999999999,0.0
21,351.45199999999994,265.73199999999997,0.0
21,355.73799999999994,270.0179999999999,0.0
21,360.02399999999994,274.304,0.0
21,364.30999999999995,278.5899999999999,0.0
21,368.59599999999995,282.876,0.0
21,372.88199999999995,287.1619999999999,0.0
21,377.16799999999995,291.448,0.0
21,381.45399999999995,295.7339999999999,0.0
21,385.73999999999995,300.02,0.0
21,390.02599999999995,304.3059999999999,0.0
21,394.31199999999995,308.592,0.0
21,398.59799999999996,312.87799999999993,0.0
21,402.88399999999996,317.164,0.0
21,407.16999999999996,321.44999999999993,0.0
21,411.45599999999996,325.736,0.0
21,415.74199999999996,330.02199999999993,0.0
21,420.02799999999996,334.308,0.0
21,424.31399999999996,338.59399999999994,0.0
21,428.59999999999997,342.88,0.0
21,432.88599999999997,347.16599999999994,0.0
21,437.17199999999997,351.452,0.0
1,0.0,-94.29199999999999,0.0
1,4.286,-90.00599999999999,0.0
1,8.572,-85.71999999999998,0.0
1,12.857999999999999,-81.43399999999998,0.0
1,17.144,-77.148,0.0
1,21.43,-72.862,0.0
1,25.715999999999998,-68.576,0.0
1,30.001999999999995,-64.28999999999999,0.0
1,34.288,-60.00399999999999,0.0
1,38.574,-55.71799999999999,0.0
1,42.86,-51.43199999999999,0.0
1,47.145999999999994,-47.145999999999994,0.0
1,51.431999999999995,-42.85999999999999,0.0
1,55.717999999999996,-38.57399999999999,0.0
1,60.00399999999999,-34.288,0.0
1,64.28999999999999,-30.001999999999995,0.0
1,68.576,-25.715999999999994,0.0
1,72.862,-21.429999999999993,76.04830128280315
1,77.148,-17.14399999999999,223.26199139128005
1,81.434,-12.85799999999999,236.21384873880703
1,85.72,-8.571999999999989,252.2172785889984
1,90.00599999999999,-4.286000000000001,261.6871435412208
1,94.29199999999999,0.0,265.20795339680285
1,98.57799999999999,4.286000000000001,263.18313868039854
1,102.86399999999999,8.572000000000003,258.53881647443154
1,107.14999999999999,12.858000000000004,251.92086486593115
1,111.43599999999999,17.144000000000005,244.97880942816914
1,115.722,21.430000000000007,238.69653504620325
1,120.00799999999998,25.715999999999994,232.50338281386558
1,124.29399999999998,30.001999999999995,223.07913246775297
1,128.57999999999998,34.288,214.50762853297255
1,132.86599999999999,38.574,207.07378482851072
1,137.152,42.86,199.68813720290484
1,141.438,47.146,188.88106144273138
1,145.724,51.432,181.76646996458726
1,150.01,55.718,172.38861500531283
1,154.296,60.004000000000005,162.87661204385424
1,158.582,64.29,156.0107172415244
1,162.868,68.57600000000001,152.61924766107913
1,167.154,72.86200000000001,139.8127392025707
1,171.44,77.14800000000001,128.44757091249363
1,175.72599999999997,81.43399999999998,113.19002311386703
1,180.01199999999997,85.71999999999998,102.18703363816081
1,184.29799999999997,90.00599999999999,77.9209447095233
1,188.58399999999997,94.29199999999999,57.05563264043262
1,192.86999999999998,98.57799999999999,0.0
1,197.15599999999998,102.86399999999999,0.0
1,201.44199999999998,107.14999999999999,0.0
1,205.72799999999998,111.43599999999999,0.0
1,210.01399999999998,115.722,0.0
1,214.29999999999998,120.008,0.0
1,218.58599999999998,124.294,0.0
1,222.87199999999999,128.57999999999998,0.0
1,227.158,132.86599999999999,0.0
1,231.444,137.152,0.0
1,235.73,141.438,0.0
1,240.01599999999996,145.724,0.0
1,244.30199999999996,150.01,0.0
1,248.58799999999997,154.296,0.0
1,252.87399999999997,158.582,0.0
1,257.15999999999997,162.868,0.0
1,261.44599999999997,167.154,0.0
1,265.73199999999997,171.44,0.0
1,270.018,175.726,0.0
1,274.304,180.012,0.0
1,278.59,184.298,0.0
1,282.876,188.584,0.0
1,287.162,192.87,0.0
1,291.448,197.156,0.0
1,295.734,201.442,0.0
1,300.02,205.728,0.0
1,304.306,210.014,0.0
1,308.592,214.3,0.0
1,312.878,218.586,0.0
1,317.164,222.872,0.0
1,321.45,227.15800000000002,0.0
1,325.736,231.44400000000002,0.0
1,330.022,235.73000000000002,0.0
1,334.308,240.01600000000002,0.0
6,0.0,-51.431999999999995,0.0
6,4.286,-47.145999999999994,0.0
6,8.572,-42.86,0.0
6,12.857999999999999,-38.574,0.0
6,17.144,-34.288,0.0
6,21.43,-30.001999999999995,0.0
6,25.715999999999998,-25.715999999999998,7.928999999999999
6,30.001999999999995,-21.43,538.2902790502537
6,34.288,-17.144,687.6880814002812
6,38.574,-12.857999999999997,833.7014376614163
6,42.86,-8.571999999999996,857.3708276146424
6,47.145999999999994,-4.286000000000001,868.5433656414616
6,51.431999999999995,0.0,869.2793751712411
6,55.717999999999996,4.286000000000001,868.0998282124109
6,60.00399999999999,8.571999999999996,866.7493626576572
6,64.28999999999999,12.857999999999997,863.460908130653
6,68.576,17.144,855.6166596159528
6,72.862,21.43,849.061995961894
6,77.148,25.716,836.607173210094
6,81.434,30.002000000000002,822.5283321252128
6,85.72,34.288000000000004,820.8139208194664
6,90.00599999999999,38.57399999999999,786.0034113728299
6,94.29199999999999,42.85999999999999,769.5612911910791
6,98.57799999999999,47.145999999999994,749.9796320020332
6,102.86399999999999,51.431999999999995,725.9317075460858
6,107.14999999999999,55.717999999999996,702.0148948018284
6,111.43599999999999,60.004,682.4571976512519
6,115.722,64.28999999999999,647.573272715627
6,120.00799999999998,68.576,599.564271937812
6,124.29399999999998,72.862,565.1805768453003
6,128.57999999999998,77.148,531.8845057697425
6,132.86599999999999,81.434,506.6362832496307
6,137.152,85.72,472.15509788079646
6,141.438,90.006,429.7117360200007
6,145.724,94.292,399.5128586178423
6,150.01,98.578,370.00678652844374
6,154.296,102.864,333.7397339395551
6,158.582,107.15,312.87462116032077
6,162.868,111.436,279.46369329423976
6,167.154,115.72200000000001,260.3796393039992
6,171.44,120.00800000000001,239.33483937762787
6,175.72599999999997,124.29399999999998,198.44749998152443
6,180.01199999999997,128.57999999999998,165.50741864492994
6,184.29799999999997,132.86599999999999,132.46790687633464
6,188.58399999999997,137.152,107.61911745596132
6,192.86999999999998,141.438,95.29472021051325
6,197.15599999999998,145.724,0.0
6,201.44199999999998,150.01,0.0
6,205.72799999999998,154.296,0.0
6,210.01399999999998,158.582,0.0
6,214.29999999999998,162.868,0.0
6,218.58599999999998,167.154,0.0
6,222.87199999999999,171.44,0.0
6,227.158,175.726,0.0
6,231.444,180.012,0.0
6,235.73,184.298,0.0
6,240.01599999999996,188.58399999999997,0.0
6,244.30199999999996,192.86999999999998,0.0
6,248.58799999999997,197.15599999999998,0.0
6,252.87399999999997,201.44199999999998,0.0
6,257.15999999999997,205.72799999999998,0.0
6,261.44599999999997,210.01399999999998,0.0
6,265.73199999999997,214.29999999999998,0.0
6,270.018,218.58599999999998,0.0
6,274.304,222.87199999999999,0.0
6,278.59,227.158,0.0
6,282.876,231.444,0.0
6,287.162,235.73,0.0
6,291.448,240.016,0.0
6,295.734,244.302,0.0
6,300.02,248.588,0.0
6,304.306,252.874,0.0
6,308.592,257.15999999999997,0.0
11,0.0,-72.862,0.0
11,4.286,-68.576,0.0
11,8.572,-64.28999999999999,0.0
11,12.857999999999999,-60.004,0.0
11,17.144,-55.717999999999996,0.0
11,21.43,-51.431999999999995,0.0
11,25.715999999999998,-47.146,0.0
11,30.001999999999995,-42.86,0.0
11,34.288,-38.574,0.0
11,38.574,-34.288,0.0
11,42.86,-30.001999999999995,0.0
11,47.145999999999994,-25.716,0.0
11,51.431999999999995,-21.43,780.140214228186
11,55.717999999999996,-17.144,935.8727798157183
11,60.00399999999999,-12.858000000000004,1138.2480432664931
11,64.28999999999999,-8.572000000000003,1188.301081176268
11,68.576,-4.286000000000001,1225.575051738759
11,72.862,0.0,1226.0182259775077
11,77.148,4.286000000000001,1223.0608684351562
11,81.434,8.572000000000003,1219.2562016078286
11,85.72,12.858000000000004,1210.5653511211576
11,90.00599999999999,17.14399999999999,1203.9464199385473
11,94.29199999999999,21.429999999999993,1198.1807831794135
11,98.57799999999999,25.715999999999994,1188.6926383037292
11,102.86399999999999,30.001999999999995,1182.6680978552295
11,107.14999999999999,34.288,1167.5609165604885
11,111.43599999999999,38.574,1156.0671827708327
11,115.722,42.86,1141.62821632898
11,120.00799999999998,47.14599999999999,1126.5302507845367
11,124.29399999999998,51.43199999999999,1089.3749691635107
11,128.57999999999998,55.71799999999999,1054.9103834239825
11,132.86599999999999,60.00399999999999,979.2389076952866
11,137.152,64.28999999999999,911.6405051872671
11,141.438,68.576,836.6505607484768
11,145.724,72.862,763.0789734102199
11,150.01,77.148,698.0520152567176
11,154.296,81.434,634.8090883293645
11,158.582,85.72,585.9806349145598
11,162.868,90.006,540.530259652501
11,167.154,94.292,485.8436779026055
11,171.44,98.578,439.74271315606563
11,175.72599999999997,102.86399999999998,405.78412896530193
11,180.01199999999997,107.14999999999998,378.0902282680136
11,184.29799999999997,111.43599999999998,357.7376221142692
11,188.58399999999997,115.72199999999998,320.7728575827521
11,192.86999999999998,120.00799999999998,295.78764749109723
11,197.15599999999998,124.29399999999998,268.69545339050103
11,201.44199999999998,128.57999999999998,253.92459773686213
11,205.72799999999998,132.86599999999999,224.48802143043653
11,210.01399999999998,137.152,193.764518331667
11,214.29999999999998,141.438,177.17351724427567
11,218.58599999999998,145.724,146.98159895775902
11,222.87199999999999,150.01,103.04508678405801
11,227.158,154.296,84.8832746776419
11,231.444,158.582,0.0
11,235.73,162.868,0.0
11,240.01599999999996,167.15399999999997,0.0
11,244.30199999999996,171.43999999999997,0.0
11,248.58799999999997,175.72599999999997,0.0
11,252.87399999999997,180.01199999999997,0.0
11,257.15999999999997,184.29799999999997,0.0
11,261.44599999999997,188.58399999999997,0.0
11,265.73199999999997,192.86999999999998,0.0
11,270.018,197.15599999999998,0.0
11,274.304,201.44199999999998,0.0
11,278.59,205.72799999999998,0.0
11,282.876,210.01399999999998,0.0
11,287.162,214.29999999999998,0.0
11,291.448,218.58599999999998,0.0
11,295.734,222.87199999999999,0.0
11,300.02,227.158,0.0
11,304.306,231.444,0.0
11,308.592,235.73,0.0
11,312.878,240.016,0.0
11,317.164,244.302,0.0
11,321.45,248.588,0.0
11,325.736,252.874,0.0
11,330.022,257.15999999999997,0.0
11,334.308,261.446,0.0
11,338.594,265.73199999999997,0.0
11,342.88,270.01800000000003,0.0
11,347.16599999999994,274.304,0.0
11,351.45199999999994,278.5899999999999,0.0
11,355.73799999999994,282.876,0.0
11,360.02399999999994,287.1619999999999,0.0
11,364.30999999999995,291.448,0.0
11,368.59599999999995,295.7339999999999,0.0
16,0.0,-60.00399999999999,0.0
16,4.286,-55.71799999999999,0.0
16,8.572,-51.43199999999999,0.0
16,12.857999999999999,-47.145999999999994,0.0
16,17.144,-42.85999999999999,0.0
16,21.43,-38.57399999999999,0.0
16,25.715999999999998,-34.288,0.0
16,30.001999999999995,-30.001999999999995,0.0
16,34.288,-25.715999999999994,0.0
16,38.574,-21.429999999999993,14.372551965465286
16,42.86,-17.14399999999999,1383.4281210999004
16,47.145999999999994,-12.857999999999997,1427.2892108644278
16,51.431999999999995,-8.571999999999996,1448.6930421755549
16,55.717999999999996,-4.285999999999994,1453.802770208192
16,60.00399999999999,0.0,1457.6047599466872
16,64.28999999999999,4.286000000000001,1448.1897445882648
16,68.576,8.572000000000003,1443.520917928534
16,72.862,12.858000000000004,1427.6325437280755
16,77.148,17.144000000000005,1419.3396920881278
16,81.434,21.430000000000007,1404.972254708256
16,85.72,25.716000000000008,1396.791361011683
16,90.00599999999999,30.001999999999995,1373.162933476438
16,94.29199999999999,34.288,1324.7038861605486
16,98.57799999999999,38.574,1312.7476912314564
16,102.86399999999999,42.86,1295.1774043012256
16,107.14999999999999,47.146,1286.1109186833344
16,111.43599999999999,51.432,1262.3442615531403
16,115.722,55.718,1251.5769987195008
16,120.00799999999998,60.00399999999999,1225.179934147131
16,124.29399999999998,64.28999999999999,1203.4624936552432
16,128.57999999999998,68.576,1169.1269339288938
16,132.86599999999999,72.862,1140.469017170129
16,137.152,77.148,1043.643516304946
16,141.438,81.434,906.9344584738155
16,145.724,85.72,817.2303271202203
16,150.01,90.006,712.7954625801714
16,154.296,94.292,656.7627590740522
16,158.582,98.578,635.1650882751012
16,162.868,102.864,599.0682070246057
16,167.154,107.15,542.3188742831115
16,171.44,111.436,501.33937898426103
16,175.72599999999997,115.72199999999998,441.7098978521516
16,180.01199999999997,120.00799999999998,395.8238846556137
16,184.29799999999997,124.29399999999998,369.6195938415368
16,188.58399999999997,128.57999999999998,329.5571075317747
16,192.86999999999998,132.86599999999999,316.5603764786933
16,197.15599999999998,137.152,294.2594613589342
16,201.44199999999998,141.438,275.1136429843539
16,205.72799999999998,145.724,251.34402093442998
16,210.01399999999998,150.01,235.4606843827841
16,214.29999999999998,154.296,204.4029046200135
16,218.58599999999998,158.582,181.31583876171507
16,222.87199999999999,162.868,124.6935305611492
16,227.158,167.154,23.954253275775503
16,231.444,171.44,0.0
16,235.73,175.726,0.0
16,240.01599999999996,180.01199999999997,0.0
16,244.30199999999996,184.29799999999997,0.0
16,248.58799999999997,188.58399999999997,0.0
16,252.87399999999997,192.86999999999998,0.0
16,257.15999999999997,197.15599999999998,0.0
16,261.44599999999997,201.44199999999998,0.0
16,265.73199999999997,205.72799999999998,0.0
16,270.018,210.01399999999998,0.0
16,274.304,214.29999999999998,0.0
16,278.59,218.58599999999998,0.0
16,282.876,222.87199999999999,0.0
16,287.162,227.158,0.0
16,291.448,231.444,0.0
16,295.734,235.73,0.0
16,300.02,240.016,0.0
16,304.306,244.302,0.0
16,308.592,248.588,0.0
16,312.878,252.874,0.0
16,317.164,257.15999999999997,0.0
16,321.45,261.446,0.0
16,325.736,265.73199999999997,0.0
16,330.022,270.01800000000003,0.0
16,334.308,274.304,0.0
16,338.594,278.59000000000003,0.0
16,342.88,282.876,0.0
16,347.16599999999994,287.1619999999999,0.0
16,351.45199999999994,291.448,0.0
20,0.0,-51.431999999999995,1122.5321933022678
20,4.286,-47.145999999999994,1196.7943847837857
20,8.572,-42.86,1326.7383826995697
20,12.857999999999999,-38.574,1397.437839547792
20,17.144,-34.288,1442.513119290428
20,21.43,-30.001999999999995,1455.109982956615
20,25.715999999999998,-25.715999999999998,1455.5712861708284
20,30.001999999999995,-21.43,1462.6984235558994
20,34.288,-17.144,1462.967655230286
20,38.574,-12.857999999999997,1460.4467007507
20,42.86,-8.571999999999996,1459.9715410771012
20,47.145999999999994,-4.286000000000001,1494.6028811007159
20,51.431999999999995,0.0,1502.6459142840847
20,55.717999999999996,4.286000000000001,1482.0947620668699
20,60.00399999999999,8.571999999999996,1469.9039149840169
20,64.28999999999999,12.857999999999997,1442.9987771167484
20,68.576,17.144,1435.4432302999526
20,72.862,21.43,1424.379918995735
20,77.148,25.716,1405.1218306163344
20,81.434,30.002000000000002,1394.9534271784264
20,85.72,34.288000000000004,1368.7247772130313
20,90.00599999999999,38.57399999999999,1346.865563140426
20,94.29199999999999,42.85999999999999,1319.98256693983
20,98.57799999999999,47.145999999999994,1307.1438963824908
20,102.86399999999999,51.431999999999995,1271.0977629483948
20,107.14999999999999,55.717999999999996,1199.6692758368276
20,111.43599999999999,60.004,1164.450278998016
20,115.722,64.28999999999999,1131.0312413328065
20,120.00799999999998,68.576,987.7119016899237
20,124.29399999999998,72.862,943.5903656358607
20,128.57999999999998,77.148,881.8902393483954
20,132.86599999999999,81.434,860.9175884536501
20,137.152,85.72,829.3597641856037
20,141.438,90.006,688.1136003960393
20,145.724,94.292,617.8258129190369
20,150.01,98.578,573.0347287697658
20,154.296,102.864,523.4274409917249
20,158.582,107.15,466.882883406685
20,162.868,111.436,420.24250100395545
20,167.154,115.72200000000001,391.5269967470782
20,171.44,120.00800000000001,362.8817404498633
20,175.72599999999997,124.29399999999998,334.1968515562692
20,180.01199999999997,128.57999999999998,313.7517231857496
20,184.29799999999997,132.86599999999999,296.994179592289
20,188.58399999999997,137.152,278.1753957620311
20,192.86999999999998,141.438,256.74249789733386
20,197.15599999999998,145.724,252.6555309420918
20,201.44199999999998,150.01,214.93582797927743
20,205.72799999999998,154.296,186.73291531836304
20,210.01399999999998,158.582,127.51631590311086
20,214.29999999999998,162.868,6.427600640985718
20,218.58599999999998,167.154,0.0
20,222.87199999999999,171.44,0.0
20,227.158,175.726,0.0
20,231.444,180.012,0.0
20,235.73,184.298,0.0
20,240.01599999999996,188.58399999999997,0.0
20,244.30199999999996,192.86999999999998,0.0
20,248.58799999999997,197.15599999999998,0.0
20,252.87399999999997,201.44199999999998,0.0
20,257.15999999999997,205.72799999999998,0.0
20,261.44599999999997,210.01399999999998,0.0
20,265.73199999999997,214.29999999999998,0.0
20,270.018,218.58599999999998,0.0
20,274.304,222.87199999999999,0.0
20,278.59,227.158,0.0
20,282.876,231.444,0.0
20,287.162,235.73,0.0
20,291.448,240.016,0.0
20,295.734,244.302,0.0
20,300.02,248.588,0.0
20,304.306,252.874,0.0
20,308.592,257.15999999999997,0.0
20,312.878,261.44599999999997,0.0
20,317.164,265.73199999999997,0.0
20,321.45,270.018,0.0
20,325.736,274.304,0.0
20,330.022,278.59,0.0
20,334.308,282.876,0.0
20,338.594,287.162,0.0
20,342.88,291.448,0.0
20,347.16599999999994,295.7339999999999,0.0
20,351.45199999999994,300.0199999999999,0.0
20,355.73799999999994,304.3059999999999,0.0
20,360.02399999999994,308.5919999999999,0.0
20,364.30999999999995,312.87799999999993,0.0
20,368.59599999999995,317.16399999999993,0.0
20,372.88199999999995,321.44999999999993,0.0
20,377.16799999999995,325.73599999999993,0.0
20,381.45399999999995,330.02199999999993,0.0
20,385.73999999999995,334.30799999999994,0.0
20,390.02599999999995,338.59399999999994,0.0
20,394.31199999999995,342.87999999999994,0.0
20,398.59799999999996,347.16599999999994,0.0
20,402.88399999999996,351.45199999999994,0.0
20,407.16999999999996,355.73799999999994,0.0
